,Rank,Username,Categories,Suscribers,Country,Visits,Likes,Comments
0,1,tseries,Entertainment,"249,500,000",IN,"86,200","2,700",78
1,2,MrBeast,Entertainment,"183,500,000",US,"117,400,000","5,300,000","18,500"
2,3,CoComelon,Music,"165,500,000",US,"7,000,000","24,700",0
3,4,SETIndia,Entertainment,"162,600,000",IN,"15,600",166,9
4,5,KidsDianaShow,Hobby,"113,500,000",US,"3,900,000","12,400",0
5,6,PewDiePie,Action_game,"111,500,000",JP,"2,400,000","197,300","4,900"
6,7,LikeNastyaofficial,Lifestyle_(sociology),"107,500,000",US,"2,600,000","28,000",0
7,8,VladandNiki,Hobby,"101,400,000",US,"4,100,000","22,100",0
8,9,zeemusiccompany,Music_of_Asia,"99,700,000",IN,"74,300","2,600",32
9,10,WWE,Entertainment,"97,200,000",US,"184,500","6,300",214
10,11,BLACKPINK,Music,"91,300,000",KR,"863,200","146,900","3,400"
11,12,GoldminesTelefilms,Entertainment,"89,700,000",IN,"34,600",421,13
12,13,SonySAB,Film,"85,400,000",IN,"35,500",615,21
13,14,5MinuteCraftsYouTube,Lifestyle_(sociology),"80,300,000",US,"164,600",703,35
14,15,BTS,Music,"76,500,000",KR,"969,700","180,300","7,400"
15,16,HYBELABELS,Pop_music,"72,700,000",KR,"440,700","23,900",932
16,17,zeetv,Entertainment,"72,500,000",IN,"7,300",144,1
17,18,Pinkfong,Entertainment,"69,600,000",US,"506,400",397,0
18,19,ChuChuTV,Film,"67,500,000",IN,"652,100","17,800",0
19,20,KondZilla,Hip_hop_music,"66,600,000",BR,"30,400","1,100",4
20,21,colorstv,Entertainment,"66,600,000",IN,"14,700",413,3
21,22,filmigaane,Music,"66,400,000",IN,"33,000",392,18
22,23,TSeriesBhaktiSagar,Music_of_Asia,"62,600,000",IN,"24,900",983,35
23,24,tipsofficial,Music_of_Asia,"60,900,000",IN,"80,200",935,22
24,25,MOVIECLIPS,Film,"59,900,000",US,"16,600",231,9
25,26,ElReinoInfantil,Entertainment,"59,700,000",AR,"393,000","2,600",0
26,27,dudeperfect,Lifestyle_(sociology),"59,700,000",US,"5,300,000","156,500","4,200"
27,28,aajtak,Society,"58,900,000",IN,"7,600",229,4
28,29,WaveMusicIndia,Music,"58,700,000",IN,"36,600",792,54
29,30,SonyMusicIndia,Music_of_Asia,"57,900,000",IN,"26,300",964,21
30,31,marshmello,Music,"56,700,000",US,"145,900","8,900",167
31,32,yrf,Film,"55,700,000",IN,"60,300","2,100",33
32,33,infobellshindirhymes,Film,"55,700,000",IN,"1,200,000","34,700",0
33,34,LooLooKids,Music,"54,800,000",US,"595,600","2,700",0
34,35,TaylorSwift,Music,"54,100,000",US,"4,300,000","300,400","15,000"
35,36,EdSheeran,Pop_music,"53,700,000",GB,"144,200","10,200",345
36,37,BillionSurpriseToys,Film,"53,100,000",US,"1,600,000",0,0
37,38,ArianaGrande,Pop_music,"52,900,000",US,"1,100,000","85,800","3,800"
38,39,shemaroo,Television_program,"48,800,000",IN,"22,600",163,7
39,40,JuegaGerman,Video_game_culture,"48,600,000",CL,"2,000,000","117,100","3,000"
40,41,BillieEilish,Pop_music,"48,600,000",US,"208,100","27,200",476
41,42,getmovies,Film,"48,100,000",RU,"55,700",329,0
42,43,sonymusicindiaVEVO,Music_of_Asia,"47,500,000",IN,"36,600",664,28
43,44,A4a4a4a4,Lifestyle_(sociology),"47,300,000",BY,"9,700,000","330,400","22,000"
44,45,badabunOficial,Lifestyle_(sociology),"47,000,000",MX,"6,800",260,4
45,46,Fernanfloo,Entertainment,"46,500,000",SV,0,0,0
46,47,BadBunnyPR,Music_of_Latin_America,"46,500,000",PR,0,0,0
47,48,HarPalGeoOfficial,Film,"46,400,000",PK,"11,000",299,2
48,49,vootkids,Film,"46,000,000",IN,"540,900","3,400",0
49,50,ARYDigitalasia,Entertainment,"45,900,000",PK,"20,000",242,13
50,51,felipeneto,Lifestyle_(sociology),"45,600,000",BR,"850,600","82,100","1,100"
51,52,abscbnentertainment,Television_program,"45,000,000",PH,"6,100",180,2
52,53,vcsabiavideos,Entertainment,"45,000,000",BR,"665,700","39,800",593
53,54,BRIGHTSIDEOFFICIAL,Film,"44,600,000",CY,"22,700",430,21
54,55,KatyPerry,Pop_music,"44,400,000",US,"101,400","7,500",177
55,56,Shakira,Lifestyle_(sociology),"44,400,000",CO,"102,100","8,200",210
56,57,whindersson,Entertainment,"44,400,000",BR,"174,600","35,700",154
57,58,MashaBearRUSSIAN,Television_program,"44,200,000",RU,"664,500","5,700",0
58,59,Alanwalkermusic,Music,"44,000,000",NO,"124,700","8,200",205
59,60,MashaBearEN,Television_program,"43,700,000",US,"856,200","7,500",0
60,61,HolaSoyGerman,Lifestyle_(sociology),"43,600,000",CL,0,0,0
61,62,Mikecrack,Action_game,"43,400,000",ES,"2,200,000","183,400","1,800"
62,63,toysandcolors,Lifestyle_(sociology),"42,900,000",US,"2,000,000","4,600",0
63,64,speedrecords,Music_of_Asia,"42,900,000",IN,"21,100","1,100",30
64,65,LikeNastya_Show,Hobby,"42,500,000",US,"972,200","2,400",0
65,66,KimberlyLoaiza,Lifestyle_(sociology),"42,100,000",MX,"5,300,000","271,300","16,000"
66,67,IshtarMusic,Music_of_Asia,"42,100,000",IN,"32,600",994,9
67,68,luisitocomunica,Tourism,"41,100,000",MX,"2,500,000","128,900","1,800"
68,69,LittleBabyBum,Music,"41,000,000",US,"99,000",184,0
69,70,shfa2,Lifestyle_(sociology),"40,600,000",AE,"585,500","4,800",0
70,71,CarryMinati,Entertainment,"40,300,000",IN,0,0,0
71,72,luccastoon,Film,"40,100,000",BR,"588,600","13,100",0
72,73,SuperSimpleSongs,Music,"39,900,000",CA,"648,400","10,100",0
73,74,JessNoLimit,Video_game_culture,"39,600,000",ID,"1,300,000","73,500","1,600"
74,75,xxxtentacion,Electronic_music,"39,500,000",US,"225,700","28,500","2,900"
75,76,SonyPAL,Entertainment,"39,500,000",IN,"21,800",255,9
76,77,WorkpointOfficial,Television_program,"39,400,000",TH,"6,200",157,1
77,78,gr6explode,Music,"39,300,000",BR,"120,300","5,700",236
78,79,TEDx,Knowledge,"39,100,000",US,160,3,0
79,80,GaaneSuneAnsune,Music,"39,100,000",IN,"28,800",211,9
80,81,shfa-1,Lifestyle_(sociology),"39,100,000",AE,"5,300,000","57,300",0
81,82,vladvaniki1,Hobby,"38,700,000",US,"890,600","3,400",0
82,83,TheEllenShow,Television_program,"38,300,000",US,"26,000",433,22
83,84,DaddyYankee,Music_of_Latin_America,"38,300,000",US,"82,800","6,500",123
84,85,LikeNastya_ESP,Lifestyle_(sociology),"38,100,000",US,"403,800","1,800",0
85,86,one31official,Television_program,"38,100,000",TH,"4,800",122,1
86,87,ABPNEWS,Society,"38,100,000",IN,"2,400",59,0
87,88,MariaClaraeJP,Lifestyle_(sociology),"37,700,000",BR,"1,700,000","10,800",0
88,89,YouTube,Association_football,"37,500,000",US,"101,200","3,400",364
89,90,PowerKidstv,Film,"37,400,000",IE,"41,700",0,0
90,91,Jkk_Entertainment,Entertainment,"37,300,000",IN,"2,300,000","20,100",363
91,92,UltraBollywood,Film,"37,300,000",IN,"24,300",185,10
92,93,SaregamaMusic,Music_of_Asia,"37,000,000",IN,"27,300",703,26
93,94,RicisOfficial1795,Lifestyle_(sociology),"36,900,000",ID,"343,800","27,500",357
94,95,beterbocuk,Entertainment,"36,800,000",TR,"1,000,000","54,100",214
95,96,IndiaTV,Politics,"36,700,000",IN,"14,300",255,3
96,97,LaGranjaDeZenon,Film,"36,600,000",AR,"599,800","5,200",0
97,98,tseriesoldisgold,Music_of_Asia,"36,500,000",IN,"41,100","1,200",8
98,99,Ozuna,Hip_hop_music,"36,300,000",PR,"22,700","2,400",76
99,100,TotalGaming093,Role-playing_video_game,"36,300,000",IN,"1,500,000","129,400","4,900"
100,101,GenevievesPlayhouse,Hobby,"35,700,000",US,"965,500",824,0
101,102,TechnoGamerzOfficial,Video_game_culture,"35,600,000",IN,"6,200,000","341,800","16,500"
102,103,RyansWorld,Lifestyle_(sociology),"35,500,000",US,"326,500","2,000",0
103,104,markiplier,Action-adventure_game,"35,500,000",US,"2,100,000","126,500","3,800"
104,105,tseriesapnapunjab,Music,"35,000,000",IN,"23,300",601,27
105,106,JingleToons,Entertainment,"35,000,000",IN,"111,400",641,0
106,107,thedonato,Lifestyle_(sociology),"34,700,000",AR,"710,700","42,400",541
107,108,YOLOAVENTURAS,Lifestyle_(sociology),"34,600,000",MX,"1,100,000","73,600",0
108,109,GeetMP3,Music,"34,500,000",IN,0,0,0
109,110,Rajshri,Film,"34,200,000",IN,"13,700",119,4
110,111,starplus,Entertainment,"34,200,000",IN,"10,500",267,6
111,112,jbalvin,Music,"34,200,000",CO,"16,900","1,600",60
112,113,SSSniperWolf,Lifestyle_(sociology),"34,200,000",US,"1,200,000","34,600","2,100"
113,114,Ch3Thailand,Television_program,"34,000,000",TH,"34,500",442,8
114,115,vegetta777,Action-adventure_game,"34,000,000",ES,"249,900","19,400",209
115,116,NoCopyrightSounds,Electronic_music,"33,600,000",GB,"191,100","6,900",363
116,117,KHANDESHIMOVIES,Film,"33,600,000",IN,"758,300","6,200",136
117,118,babybus,Film,"33,300,000",US,"267,300",623,0
118,119,DisneyMusicVEVO,Music,"33,200,000",US,"276,900","3,200",198
119,120,KarolG,Hip_hop_music,"33,000,000",CO,"74,000","2,700",165
120,121,WowKidz1,Entertainment,"33,000,000",IN,"17,200",88,0
121,122,PANDABOI,Food,"33,000,000",IT,"2,500,000","66,600",183
122,123,erosentertainment,Entertainment,"33,000,000",IN,"7,100",93,5
123,124,gmanetwork,Television_program,"32,900,000",PH,"2,600",83,1
124,125,LucasandMarcus,Technology,"32,800,000",US,"706,100","23,300",504
125,126,AboFlah,Video_game_culture,"32,700,000",KW,"3,300,000","382,000","11,400"
126,127,MRINDIANHACKER,Lifestyle_(sociology),"32,600,000",IN,"6,500,000","617,400","26,000"
127,128,FrostDiamond,Action_game,"32,600,000",ID,"316,200","13,200",386
128,129,MrBean,Film,"32,400,000",GB,"204,400","1,800",73
129,130,WorldwideRecordsBhojpuri,Music_of_Asia,"32,200,000",IN,"44,200","1,600",29
130,131,rezendeevil,Lifestyle_(sociology),"32,200,000",BR,"413,400","15,600",153
131,132,SMTOWN,Pop_music,"32,200,000",KR,"132,300","12,700",505
132,133,PeppaPigOfficial,Television_program,"32,200,000",GB,"110,200",508,0
133,134,zeenews,Society,"32,100,000",IN,"14,700",231,6
134,135,fedevigevani,Technology,"32,000,000",MX,"7,700,000","412,200","17,000"
135,136,dream,Action_game,"31,900,000",US,"3,300,000","309,200","19,000"
136,137,GENIALBrightSideSpanish,Lifestyle_(sociology),"31,800,000",MX,"15,500",524,21
137,138,luisfonsi,Music,"31,600,000",US,"20,800","1,400",67
138,139,zhong,Entertainment,"31,400,000",US,"2,900,000","118,300",887
139,140,MrBeast2,Entertainment,"31,300,000",US,"83,100,000","5,000,000","11,600"
140,141,fallontonight,Television_program,"31,200,000",US,"263,100","3,900",116
141,142,dianaandromaesp331,Hobby,"31,100,000",US,"403,500",714,0
142,143,ShortsBreak_Official,Entertainment,"31,000,000",IN,"8,600,000","503,400",704
143,144,ImagineDragons,Pop_music,"31,000,000",US,"77,100","10,700",217
144,145,vladnikihindi,Lifestyle_(sociology),"30,900,000",US,"897,100","3,400",0
145,146,AttaHalilintar,Lifestyle_(sociology),"30,600,000",ID,"155,300","7,600",108
146,147,enaldinho,Entertainment,"30,600,000",BR,"1,800,000","63,400",838
147,148,toyoraljanahtv,Religion,"30,600,000",JO,"131,100",0,0
148,149,jacksepticeye,Role-playing_video_game,"30,400,000",IE,"1,600,000","83,400","2,300"
149,150,TrapNation,Pop_music,"30,400,000",US,"47,800","1,600",60
150,151,LittleAngel,Film,"30,400,000",US,"394,800",209,0
151,152,TalkingTom,Film,"30,400,000",US,"201,300",798,0
152,153,spinninrecords,Electronic_music,"30,200,000",NL,"31,900","1,200",33
153,154,HUMTV,Entertainment,"30,200,000",PK,"1,100",7,0
154,155,Dushyant_kukreja,Film,"30,000,000",IN,"5,900,000","231,000",485
155,156,KLBROBijuRithvik1,Entertainment,"29,900,000",IN,"1,600,000","49,800",309
156,157,DaFuqBoom,Action_game,"29,800,000",US,"52,700,000","1,700,000","82,800"
157,158,ultrarecords,Music,"29,800,000",US,"15,800",607,21
158,159,zamzamelectronicstradingllc,Lifestyle_(sociology),"29,700,000",AE,"268,700","18,400",489
159,160,AlanChikinChow,Entertainment,"29,700,000",US,"3,600,000","106,500",428
160,161,infobellstamilrhymes,Entertainment,"29,500,000",IN,"1,200,000","17,700",0
161,162,Maluma_Official,Music,"29,400,000",US,"226,400","8,500",275
162,163,infobellstelugurhymes,Film,"29,400,000",IN,"271,400","5,600",0
163,164,adityamovies,Entertainment,"29,400,000",IN,"26,600","1,000",8
164,165,MashaOso,Film,"29,300,000",MX,"543,200","5,700",0
165,166,shemaroomovies,Entertainment,"29,200,000",IN,"24,100",242,9
166,167,gulshankalra07,Entertainment,"29,200,000",IN,"8,100,000","431,100","1,100"
167,168,junya1gou,Humour,"29,000,000",JP,"195,000",924,34
168,169,adityamusic,Music_of_Asia,"28,800,000",IN,"28,200",568,14
169,170,MichaelJackson,Pop_music,"28,800,000",US,"227,300","9,100",0
170,171,GoldminesDishoom,Film,"28,700,000",IN,"14,100",167,0
171,172,DrakeOfficial,Music,"28,400,000",US,0,0,0
172,173,KidsRomaShow,Lifestyle_(sociology),"28,200,000",US,"1,200,000","3,100",0
173,174,toycantando,Music,"28,100,000",CO,"426,400","11,700",0
174,175,SandeepSeminars,Television_program,"28,000,000",IN,"1,200,000","58,500","4,000"
175,176,LankyBox,Film,"28,000,000",US,"346,500","6,300",200
176,177,bouncepatrol,Music,"27,900,000",AU,"339,300","6,600",0
177,178,JYPEntertainment,Music,"27,800,000",KR,"177,700","8,700",668
178,179,nickjr,Film,"27,800,000",US,"109,200",191,0
179,180,CrazyXYZ,Lifestyle_(sociology),"27,800,000",IN,"4,200,000","284,100","8,600"
180,181,DanTDM,Video_game_culture,"27,800,000",GB,"3,500,000","285,000","52,500"
181,182,wizkhalifa,Hip_hop_music,"27,800,000",US,"87,400","4,100",305
182,183,brentrivera,Entertainment,"27,600,000",US,"6,400,000","154,100","5,000"
183,184,NichLmao,Entertainment,"27,500,000",SG,"1,500,000","85,800","1,600"
184,185,GoldminesBollywood,Film,"27,300,000",IN,"8,900",62,2
185,186,renatongarcia,Lifestyle_(sociology),"27,200,000",BR,"748,200","68,800",833
186,187,toypudding,Lifestyle_(sociology),"27,100,000",US,0,0,0
187,188,dbillions,Film,"27,100,000",US,"1,000,000",651,0
188,189,Netflix,Film,"27,000,000",US,"202,600","2,200",176
189,190,RaffyTulfoInAction,Society,"26,800,000",PH,"398,300","5,300",443
190,191,enchufetv,Entertainment,"26,800,000",EC,"34,300","4,300",17
191,192,mujjuu___14,Entertainment,"26,800,000",IN,"4,500,000","144,000",150
192,193,indosiar,Entertainment,"26,700,000",ID,"18,800",471,24
193,194,SpiderSlack,Lifestyle_(sociology),"26,600,000",BR,"532,500","37,700",192
194,195,worldstarhiphop,Music,"26,600,000",US,"40,300",993,127
195,196,smosh,Film,"26,300,000",US,"289,100","21,300",214
196,197,1MILLION_Dance,Pop_music,"26,300,000",KR,"35,300","1,800",20
197,198,dianaandromahin8102,Lifestyle_(sociology),"26,200,000",US,"109,000",322,0
198,199,nickiminaj,Music,"26,100,000",US,"1,600,000","98,300","7,600"
199,200,mariliamendoncareal,Music,"26,100,000",BR,0,0,0
200,201,TheLallantop,Society,"26,000,000",IN,"30,800",822,52
201,202,AGT,Performing_arts,"25,900,000",US,"186,800","3,100",197
202,203,davidguetta,Electronic_music,"25,900,000",US,0,0,0
203,204,ThatLittlePuff,Lifestyle_(sociology),"25,900,000",US,"5,100,000","299,000",573
204,205,postmalone,Hip_hop_music,"25,900,000",US,"223,100","13,100",526
205,206,VanossGaming,Action-adventure_game,"25,900,000",US,"1,300,000","56,500","1,100"
206,207,DanielLaBelle,Entertainment,"25,900,000",US,"1,700,000","130,100",892
207,208,abp_live,News,"25,800,000",IN,"2,300",49,1
208,209,LosPolinesios,Lifestyle_(sociology),"25,700,000",MX,"1,400,000","38,400",866
209,210,AlejoIgoa,Technology,"25,700,000",AR,"5,700,000","208,400","1,700"
210,211,ZHCYT,Technology,"25,700,000",US,"2,600,000","127,300","2,200"
211,212,RansEntertainment,Lifestyle_(sociology),"25,700,000",ID,"365,500","11,400",399
212,213,wbkids,Film,"25,700,000",US,"76,100",699,0
213,214,coldplay,Pop_music,"25,500,000",GB,"66,900","3,700",81
214,215,ChrisBrownTV,Pop_music,"25,500,000",US,"102,000","9,700",354
215,216,MarkRober,Lifestyle_(sociology),"25,500,000",US,"479,200","31,700",329
216,217,danrhodes,Performing_arts,"25,500,000",GB,"414,500","19,300",131
217,218,TRANS7Official,Entertainment,"25,400,000",ID,"1,600",29,2
218,219,WatchMojo,Entertainment,"25,100,000",CA,"46,700","1,400",195
219,220,LeoNataFamily,Entertainment,"25,000,000",US,"2,100,000","42,100",46
220,221,kidstv,Film,"25,000,000",US,"132,600","1,600",0
221,222,PenMovies,Entertainment,"25,000,000",IN,"59,800","1,200",25
222,223,ChloeTing,Physical_fitness,"24,900,000",AU,"192,700","7,900",621
223,224,PrestonYT,Entertainment,"24,900,000",US,"1,300,000","36,100",287
224,225,topperguild,Entertainment,"24,900,000",US,"1,800,000","77,600",838
225,226,akshaynagwadiya,Entertainment,"24,900,000",IN,"3,100,000","143,500",288
226,227,Yuya,Lifestyle_(sociology),"24,800,000",MX,0,0,0
227,228,likenastyaae,Lifestyle_(sociology),"24,800,000",US,"587,400","3,200",0
228,229,unknownboyvarun,Film,"24,700,000",IN,"1,300,000","119,600",154
229,230,TsurikiShow,Entertainment,"24,700,000",DE,"604,600","9,500",8
230,231,1theK,Music,"24,700,000",KR,"10,100",595,29
231,232,DianaRomaARA,Entertainment,"24,600,000",US,"1,200,000","5,100",0
232,233,shfashowindia,Lifestyle_(sociology),"24,600,000",AE,"1,300,000","8,800",0
233,234,kidschannelindia,Music,"24,400,000",IN,"80,300",385,0
234,235,goldmineshindi,Entertainment,"24,400,000",IN,"12,500",139,3
235,236,Venus_Movies,Entertainment,"24,400,000",IN,"39,100",425,10
236,237,netdmuzik,Pop_music,"24,400,000",TR,"6,100",158,34
237,238,TheElenaYa,Music,"24,400,000",US,"611,400","1,100",0
238,239,rug,Lifestyle_(sociology),"24,300,000",US,"3,200,000","85,300","5,100"
239,240,kimpro828,Entertainment,"24,300,000",KR,"2,300,000","55,300",403
240,241,suntv,Entertainment,"24,300,000",IN,"15,300",457,2
241,242,DJSnake,Music,"24,300,000",US,"16,700",846,19
242,243,alanbecker,Role-playing_video_game,"24,300,000",US,"7,600,000","582,600","5,900"
243,244,MayaAndMary,Lifestyle_(sociology),"24,100,000",US,"134,600",0,0
244,245,sagawa,Entertainment,"24,100,000",JP,"408,800","13,300",55
245,246,juandediospantojaa,Entertainment,"24,000,000",MX,"3,000,000","133,200","3,600"
246,247,EnriqueIglesias,Music,"23,900,000",ES,"21,800","2,000",142
247,248,JamesCharles,Lifestyle_(sociology),"23,900,000",US,"964,500","62,300","1,100"
248,249,MrMaxLife,Hobby,"23,900,000",GB,"824,200","19,300","3,000"
249,250,TroomTroom,Lifestyle_(sociology),"23,900,000",US,"62,900","1,200",15
250,251,PeppaPigEspanolLatinoOficial,Entertainment,"23,800,000",GB,"604,400","1,700",0
251,252,misskaty1133,Hobby,"23,700,000",GB,"1,300,000","15,200","1,000"
252,253,Ninja,Action_game,"23,700,000",US,"204,600","8,700",141
253,254,NickyJamTV,Music_of_Latin_America,"23,700,000",PR,"15,800","1,200",58
254,255,Azhan5star,Film,"23,600,000",IN,"4,000,000","181,100",407
255,256,ishaanali11,Entertainment,"23,500,000",IN,"3,400,000","242,900",467
256,257,ValentinaPontesofc,Hobby,"23,500,000",BR,"730,200","2,700",0
257,258,Jelly,Action_game,"23,500,000",GB,"156,400","5,800",266
258,259,toyorbabytv,Music,"23,500,000",JO,"111,400",0,0
259,260,SesameStreet,Film,"23,400,000",US,"364,800",971,0
260,261,TED,Knowledge,"23,400,000",US,"43,900",954,64
261,262,GMMGrammy,Pop_music,"23,400,000",TH,"2,900",96,3
262,263,WaveMusicBhojpuri,Music_of_Asia,"23,400,000",IN,"8,400",154,7
263,264,TuzelityOfficial,Lifestyle_(sociology),"23,300,000",RU,"3,200,000","96,600",673
264,265,whitehillmusic,Music_of_Asia,"23,300,000",IN,"15,300",659,5
265,266,VaniaManiaKids,Lifestyle_(sociology),"23,300,000",US,"325,000",599,0
266,267,TechnicalGuruji,Lifestyle_(sociology),"23,300,000",IN,"169,500","7,600",455
267,268,CuteAnimalsTV.,Pet,"23,200,000",US,"3,400",9,0
268,269,BabyBusES,Entertainment,"23,200,000",MX,"80,000",332,0
269,270,DrossRotzank,Society,"23,100,000",AR,"1,700,000","105,900","3,900"
270,271,capitanyolotroll,Entertainment,"23,100,000",MX,"3,200,000","189,300",827
271,272,LikeNastya_PRT,Lifestyle_(sociology),"23,000,000",US,"441,000","2,500",0
272,273,ZachChoi,Food,"23,000,000",US,"142,200","3,000",162
273,274,GoldminesCineplex,Film,"23,000,000",IN,"11,800",129,2
274,275,DangalTVChannel,Television_program,"23,000,000",IN,"91,900","2,100",16
275,276,AmiRodrigueZZ,Entertainment,"22,900,000",CO,"4,300,000","294,400","1,300"
276,277,Yoeslan,Entertainment,"22,900,000",US,"2,400,000","49,700",81
277,278,sia,Pop_music,"22,900,000",AU,0,0,0
278,279,vladandnikiarab2,Lifestyle_(sociology),"22,800,000",US,"982,900","4,800",0
279,280,invictorgs3,Action-adventure_game,"22,800,000",ES,"806,400","25,500",418
280,281,Kidibli,Entertainment,"22,800,000",US,"138,500","2,400",0
281,282,StokesTwins,Entertainment,"22,700,000",US,"11,700,000","235,000","10,000"
282,283,vladandnikispain,Hobby,"22,700,000",US,"1,000,000","3,000",0
283,284,mmoshaya,Lifestyle_(sociology),"22,700,000",SA,"1,100,000","14,100",835
284,285,SSundee,Action_game,"22,700,000",US,"1,700,000","59,800","1,800"
285,286,souravjoshivlogs7028,Lifestyle_(sociology),"22,700,000",IN,"5,600,000","382,300","8,900"
286,287,THECHAINSMOKERS,Electronic_music,"22,700,000",US,"38,900","1,800",76
287,288,ZachKing,Lifestyle_(sociology),"22,600,000",US,"4,900,000","238,500",522
288,289,BenAzelart,Entertainment,"22,500,000",US,"3,700,000","44,900","2,700"
289,290,DUDUeCAROL,Lifestyle_(sociology),"22,500,000",BR,"964,300","29,200",89
290,291,fgteev,Video_game_culture,"22,500,000",US,"826,800","10,300","2,100"
291,292,VillageCookingChannel,Lifestyle_(sociology),"22,500,000",IN,"21,500,000","321,500","5,900"
292,293,dednahype,Lifestyle_(sociology),"22,400,000",LV,"598,300","10,400",25
293,294,disneyla,Film,"22,400,000",AR,"89,100",105,0
294,295,smilefamily363,Music,"22,400,000",US,"7,600",45,0
295,296,NetflixIndiaOfficial,Film,"22,300,000",IN,"61,400","1,400",111
296,297,BeatboxJCOP,Entertainment,"22,300,000",KR,"1,600,000",0,727
297,298,LIVCrime,Film,"22,300,000",US,"19,400",249,16
298,299,rotanamusic,Music,"22,300,000",SA,"2,100,000","12,600",321
299,300,RAFAELUIZOFICIAL,Lifestyle_(sociology),"22,100,000",BR,"671,700","30,500",522
300,301,NatGeo,Film,"22,100,000",US,"42,200",871,38
301,302,williesalim,Lifestyle_(sociology),"21,900,000",ID,"396,200",0,"2,800"
302,303,SMOL_official,Humour,"21,900,000",US,"114,500","2,600",5
303,304,alfredolarin,Entertainment,"21,900,000",SV,"12,900,000","707,600","2,100"
304,305,TlnovelasOficial,Entertainment,"21,900,000",MX,"5,500",152,5
305,306,royaltyfam,Lifestyle_(sociology),"21,900,000",US,"4,700,000","67,000","6,600"
306,307,EvaBravoPlay,Hobby,"21,800,000",US,"332,800","1,300",0
307,308,infinite,Lifestyle_(sociology),"21,700,000",US,"884,800","45,700","1,400"
308,309,MartaAndRustam,Entertainment,"21,700,000",US,"4,100,000","65,900",52
309,310,khangsresearchcentre1685,Society,"21,700,000",IN,"7,300,000","501,700","17,000"
310,311,gmapublicaffairs,Entertainment,"21,700,000",PH,"4,300",68,2
311,312,vladandnikidn,Lifestyle_(sociology),"21,700,000",US,"529,400","1,300",0
312,313,beckyg,Lifestyle_(sociology),"21,500,000",US,0,0,0
313,314,Priyal_Kukreja,Lifestyle_(sociology),"21,500,000",IN,"7,700,000","224,600",510
314,315,BaimPaula,Entertainment,"21,300,000",ID,"352,500","12,600",773
315,316,BraveWilderness,Lifestyle_(sociology),"21,100,000",US,"635,400","14,400",862
316,317,buzzfeedtasty,Food,"21,100,000",US,"84,300","3,200",34
317,318,fatosdesconhecidos,Lifestyle_(sociology),"21,100,000",BR,"92,900","10,200",407
318,319,lyricalemonade,Hip_hop_music,"21,100,000",US,"2,800,000","127,300","5,800"
319,320,MrVivekBindra,Entertainment,"21,100,000",IN,"56,900","3,100",17
320,321,VijayTelevision,Television_program,"21,100,000",IN,"99,500","1,500",18
321,322,kurzgesagt,Society,"21,100,000",DE,"4,900,000","253,500","14,000"
322,323,romeo,Music,"21,100,000",US,"3,200,000","53,900","1,600"
323,324,corbuzier,Entertainment,"21,000,000",ID,"2,100,000","44,400","4,700"
324,325,NBA,Sport,"20,900,000",US,"46,400","1,000",55
325,326,JasonDerulo,Entertainment,"20,800,000",US,"80,500","3,100",35
326,327,KiddiestvHindi,Film,"20,800,000",IN,"17,700",66,0
327,328,avicii,Music,"20,700,000",SE,0,0,0
328,329,5MinuteCraftsDIY,Lifestyle_(sociology),"20,700,000",US,"14,600",110,4
329,330,NinjaKidz,Entertainment,"20,700,000",US,"289,800","6,600",217
330,331,7clouds,Hip_hop_music,"20,700,000",US,"92,100","1,200",74
331,332,LinkinPark,Rock_music,"20,700,000",US,"73,700","7,100",134
332,333,Mnet,Television_program,"20,700,000",KR,"34,400","3,500",168
333,334,BabyBusID,Film,"20,600,000",ID,"285,400",744,0
334,335,Genevieve's Playhouse,Hobby,"20,600,000",IN,"513,400","3,100",0
335,336,JoseComilaoTotoy,Film,"20,600,000",BR,"199,000","5,000",0
336,337,jakepaul,Lifestyle_(sociology),"20,500,000",US,"172,400","7,500",127
337,338,somoynews360,Society,"20,500,000",US,"7,400",196,4
338,339,SlivkiShow,Hobby,"20,500,000",UA,"2,500,000","154,200","6,800"
339,340,Miawaug,Video_game_culture,"20,500,000",ID,"748,400","29,300","2,000"
340,341,EmiwayBantai,Hip_hop_music,"20,500,000",IN,"892,800","95,600","5,500"
341,342,PragatiVermaaShorts,Entertainment,"20,500,000",IN,"2,800,000","134,300","1,400"
342,343,Cookieswirlc,Action-adventure_game,"20,500,000",US,"147,000","2,000",482
343,344,gottalentglobal,Television_program,"20,400,000",US,"222,500","1,200",71
344,345,triggeredinsaan,Entertainment,"20,400,000",IN,"11,100,000","1,400,000","38,000"
345,346,SonyAATH,Entertainment,"20,400,000",US,"89,500",782,49
346,347,IShowSpeed,Sports_game,"20,300,000",US,"2,500,000","101,600","5,000"
347,348,RobinHoodGamer1,Action_game,"20,300,000",BR,"465,800","17,000",533
348,349,5MinuteCraftsPLAY,Lifestyle_(sociology),"20,300,000",US,"14,300",106,5
349,350,marvel,Video_game_culture,"20,300,000",US,"94,400","5,200",216
350,351,rkddigital,Film,"20,200,000",IN,"694,400","6,300",90
351,352,greengoldtv,Television_program,"20,100,000",IN,"42,000",930,0
352,353,gordonramsay,Food,"20,100,000",GB,"114,900","2,800",117
353,354,BuzzFeedVideo,Entertainment,"20,100,000",US,"15,500",377,8
354,355,unboxtherapy,Technology,"20,100,000",CA,"178,500","7,300",140
355,356,gusttavolimaoficial,Music,"20,100,000",BR,"131,000","6,000",88
356,357,AuthenticGames,Action-adventure_game,"20,100,000",BR,"20,100","2,200",34
357,358,bobbyprankster,Entertainment,"20,100,000",IN,"2,900,000","223,500",226
358,359,pencilmation,Television_program,"20,100,000",US,"179,700","1,500",88
359,360,PinkPanther,Television_program,"20,100,000",US,"274,200","1,700",0
360,361,ASGamingsahil,Lifestyle_(sociology),"20,100,000",IN,"227,400","22,500",618
361,362,React,Entertainment,"20,100,000",US,"133,300","5,400",214
362,363,PTXofficial,Music,"20,100,000",US,0,0,0
363,364,VEVO,Hip_hop_music,"20,100,000",US,"9,500",519,7
364,365,goldminesgreatindiancomedy2048,Entertainment,"20,000,000",IN,"5,800",39,2
365,366,BGT,Television_program,"19,900,000",GB,"40,800",576,28
366,367,sctv_,Entertainment,"19,900,000",ID,"10,900",225,13
367,368,ClashOfClans,Strategy_video_game,"19,900,000",FI,"1,600,000","30,100",952
368,369,HaerteTest,Lifestyle_(sociology),"19,900,000",DE,"18,600",76,7
369,370,Vsauce,Knowledge,"19,900,000",US,"4,500,000","449,000","3,600"
370,371,TroomTroom_Es,Entertainment,"19,800,000",ES,"76,000","1,300",24
371,372,etvteluguindia,Television_program,"19,800,000",IN,"11,300",220,1
372,373,tabii.urdu,Entertainment,"19,800,000",TR,"17,900",485,23
373,374,fifa,Association_football,"19,700,000",CH,"43,200","2,100",28
374,375,CraftyPanda,Hobby,"19,700,000",US,"18,000",136,5
375,376,DLSNews,Society,"19,700,000",IN,"123,000","3,800",188
376,377,WowKidzAction,Entertainment,"19,600,000",IN,"21,300",90,0
377,378,JakeFellman,Video_game_culture,"19,500,000",US,"471,300","21,600",437
378,379,Slick_Slime_Sam_Spanish,Lifestyle_(sociology),"19,500,000",MX,"100,500","2,200",0
379,380,Sidemen,Lifestyle_(sociology),"19,500,000",GB,"9,200,000","284,800","8,200"
380,381,Mashaurso,Film,"19,500,000",BR,"202,400","3,000",0
381,382,heidizidane9861,Entertainment,"19,400,000",IN,"12,800",65,0
382,383,busyfunltd9692,Film,"19,300,000",IN,"4,800,000","14,500",315
383,384,sonotek,Music,"19,300,000",IN,"9,800",396,70
384,385,ArabGamesNetwork,Video_game_culture,"19,300,000",SA,"190,600","12,800",633
385,386,officialajaysharma07,Entertainment,"19,300,000",IN,"517,700","22,000",43
386,387,kbsworldtv,Entertainment,"19,300,000",KR,"3,700",144,6
387,388,theodd1sout,Entertainment,"19,200,000",US,0,0,0
388,389,degoboom,Video_game_culture,"19,200,000",CL,"156,100","5,200",22
389,390,turmadamonica,Entertainment,"19,100,000",BR,"115,600","2,000",0
390,391,CalvinHarris,Music,"19,100,000",GB,"71,300","3,500",156
391,392,howridiculous,Lifestyle_(sociology),"19,100,000",AU,"3,700,000","68,300",312
392,393,Мирошка ТВ,Lifestyle_(sociology),"19,100,000",US,"9,000",21,1
393,394,MrDegreeOfficial,Food,"19,100,000",US,"4,000,000","124,900",113
394,395,jaanvipatel,Film,"19,100,000",IN,"19,100,000",0,"2,200"
395,396,Познаватель,Hobby,"19,100,000",UA,"2,300,000","33,200","2,100"
396,397,shemaroobollywoodcomedy,Entertainment,"19,100,000",IN,"15,200",132,5
397,398,TEDEd,Knowledge,"19,100,000",US,"303,100","12,400",512
398,399,HiBestMan,Lifestyle_(sociology),"19,100,000",RU,"1,300,000","49,300","1,600"
399,400,cardib,Music,"19,100,000",US,"131,800","11,500",475
400,401,smilefamilyspanish1463,Lifestyle_(sociology),"19,000,000",US,"83,800",107,0
401,402,LittleAngelEspanol,Entertainment,"19,000,000",MX,"123,500",339,0
402,403,BayashiTV_,Lifestyle_(sociology),"19,000,000",JP,"5,500,000","415,900","2,500"
403,404,DharMann,Film,"19,000,000",US,0,0,0
404,405,deepesh_zo,Film,"18,900,000",IN,"713,500","44,600",330
405,406,grammygoldofficial,Pop_music,"18,800,000",TH,"12,900",309,9
406,407,IanLucasOficial,Lifestyle_(sociology),"18,800,000",AR,"5,600,000","401,700","2,700"
407,408,alia,Action_game,"18,800,000",GB,"336,100","10,200",297
408,409,ArianaGrandeVevo,Pop_music,"18,700,000",US,0,0,0
409,410,MrMarmok,Action-adventure_game,"18,600,000",RU,"3,600,000","328,100","6,700"
410,411,LikeNastya_Vlog,Hobby,"18,600,000",RU,"484,100","1,800",0
411,412,elcanaldePlimPlim,Film,"18,600,000",AR,"665,100",0,0
412,413,MileyCyrus,Music,"18,600,000",US,"449,000","32,100",254
413,414,andtvchannel,Television_program,"18,600,000",IN,"2,100",68,0
414,415,Blippi,Entertainment,"18,600,000",US,"722,900","3,800",0
415,416,rsiammusic,Music,"18,600,000",TH,"6,200",137,5
416,417,DanielSaboya,Hip_hop_music,"18,600,000",BR,"12,600",544,6
417,418,PandaShorts,Entertainment,"18,500,000",SE,"1,500,000","120,300",261
418,419,news18India,Society,"18,500,000",IN,"5,400",114,1
419,420,NaisaAlifiaYurizaNAY,Food,"18,400,000",ID,"160,900","7,800",78
420,421,thewillyrex,Action-adventure_game,"18,400,000",ES,"55,600","4,800",22
421,422,MSA.official,Film,"18,400,000",US,"4,300,000","96,800","3,600"
422,423,GoodMythicalMorning,Film,"18,400,000",US,"447,300","20,200",532
423,424,SonyMusicSouthVEVO,Music_of_Asia,"18,400,000",IN,"1,300",7,1
424,425,Squeezie,Lifestyle_(sociology),"18,400,000",FR,"722,400","61,700",240
425,426,DannyFitt,Entertainment,"18,300,000",US,"340,000","14,200",128
426,427,korayzeynep,Lifestyle_(sociology),"18,200,000",TR,"198,800","5,800",0
427,428,GENHALILINTAR,Lifestyle_(sociology),"18,200,000",ID,"89,200","2,800",59
428,429,INCRIVEL_PT,Lifestyle_(sociology),"18,200,000",BR,"8,900",415,13
429,430,Apple,Lifestyle_(sociology),"18,200,000",US,"3,000,000","18,300",0
430,431,LuisFonsiVEVO,Music,"18,200,000",US,"2,000,000","33,100","3,000"
431,432,manualdomundo,Technology,"18,200,000",BR,"311,200","35,500",299
432,433,KatieAngelTV_,Lifestyle_(sociology),"18,200,000",US,0,0,0
433,434,LikeNastya_VNM,Entertainment,"18,200,000",VN,"410,200",0,0
434,435,SebastianYatra,Pop_music,"18,200,000",CO,"26,300","2,000",92
435,436,TaarakMehtaKaOoltahChashmah,Television_program,"18,200,000",IN,"117,000","1,800",34
436,437,Aphmau,Video_game_culture,"18,000,000",US,"2,000,000","37,800","2,700"
437,438,TheGrefg,Action-adventure_game,"18,000,000",ES,"145,900","10,400",82
438,439,RobleisIUTU,Action-adventure_game,"18,000,000",AR,"267,500","18,500",426
439,440,lescopaque,Entertainment,"18,000,000",MY,"67,500","1,600",0
440,441,tanboykun,Food,"18,000,000",ID,"1,400,000","25,400","1,400"
441,442,BispoBrunoLeonardo,Lifestyle_(sociology),"18,000,000",BR,"762,100","276,400","154,000"
442,443,News24thinkfirst,News,"18,000,000",IN,"4,400",93,4
443,444,ZuniandFamilyofficial,Lifestyle_(sociology),"18,000,000",ID,"58,300",177,0
444,445,YounesZarou,Lifestyle_(sociology),"18,000,000",DE,"212,600","8,300",37
445,446,FunForKidsTVHindiRhymes,Film,"18,000,000",IN,"89,900",323,0
446,447,demilovato,Pop_music,"18,000,000",US,"34,300","5,200",166
447,448,AMARINTVHD,Television_program,"18,000,000",TH,"9,000",137,5
448,449,GameTheory,Action_game,"18,000,000",US,"2,600,000","120,000","4,500"
449,450,Narendra Modi,Politics,"17,900,000",IN,"63,600",75,0
450,451,Jane_asmr,Food,"17,800,000",KR,"131,600","2,600",190
451,452,portadosfundos,Entertainment,"17,800,000",BR,"390,100","26,200",184
452,453,zbingz,Action_game,"17,800,000",TH,"458,300","11,300",367
453,454,mgcplayhouse,Music,"17,800,000",US,"56,300",96,0
454,455,pawansahu777,Health,"17,800,000",IN,"1,700,000","129,400",912
455,456,thexoteam,Entertainment,"17,800,000",US,"797,600","50,400",179
456,457,Lil Pump,Hip_hop_music,"17,800,000",US,"772,800","45,000",185
457,458,IGN,Action-adventure_game,"17,700,000",US,"39,500","2,700",108
458,459,salmannomanofficial,Entertainment,"17,700,000",PK,"729,900","47,600",159
459,460,FactTechz,Society,"17,600,000",IN,"139,500","5,300",566
460,461,jasonvlogslife,Lifestyle_(sociology),"17,600,000",US,"368,500",896,0
461,462,PrimeVideoIN,Television_program,"17,600,000",US,"18,400",535,4
462,463,JFlaMusic,Music,"17,600,000",KR,"59,800","3,100",426
463,464,musicalrmastv1,Music,"17,600,000",IQ,"103,600","4,500",259
464,465,mkbhd,Lifestyle_(sociology),"17,600,000",US,"1,400,000","81,100","2,500"
465,466,RepublicTVBharat,News,"17,600,000",IN,"7,100",0,3
466,467,zappytoons,Film,"17,500,000",IN,"110,400",625,0
467,468,ElReinoAJugar,Entertainment,"17,500,000",AR,"216,600",570,0
468,469,HowToBasic,Lifestyle_(sociology),"17,400,000",AU,"1,800,000","63,500","5,200"
469,470,stubbornfacts,Film,"17,400,000",IN,"20,700","1,000",56
470,471,TheBrianMaps,Video_game_culture,"17,400,000",RU,"5,100,000","390,700","11,000"
471,472,anitta,Pop_music,"17,400,000",BR,"67,700","5,600",111
472,473,jordanmatter,Lifestyle_(sociology),"17,400,000",US,"7,900,000","98,500","8,500"
473,474,TRANSTVofficial,Television_program,"17,300,000",ID,"1,000",17,1
474,475,JohnyFamilyShow,Lifestyle_(sociology),"17,300,000",US,"52,500",129,0
475,476,popchartbusters,Music,"17,200,000",IN,"14,500",350,48
476,477,Willyrex,Action_game,"17,200,000",ES,"133,400","10,000",72
477,478,Queen,Music,"17,200,000",GB,"122,500","8,600",206
478,479,issei0806,Entertainment,"17,200,000",JP,"3,700,000","175,000",156
479,480,Filaretiki,Lifestyle_(sociology),"17,200,000",US,"336,500","10,400",32
480,481,AayuandPihuShow,Lifestyle_(sociology),"17,000,000",IN,"2,600,000","44,300","7,100"
481,482,SriBalajiMovies,Film,"17,000,000",IN,"9,800",281,0
482,483,PrajapatiNews,Society,"17,000,000",IN,"13,200",731,34
483,484,LikeNastya_IDN,Hobby,"17,000,000",ID,"241,500",0,0
484,485,VICE,Television_program,"17,000,000",US,"45,600",884,56
485,486,GatoGalactico,Entertainment,"17,000,000",BR,"71,900","1,500",0
486,487,LahariMusicIndia,Entertainment,"17,000,000",IN,"14,000",523,8
487,488,nomanofficial786,Film,"17,000,000",IN,"2,800,000","245,000","1,500"
488,489,BBCHindi,Society,"17,000,000",IN,"84,900",0,181
489,490,GuavaJuice,Entertainment,"17,000,000",US,"172,400","10,400","1,300"
490,491,withkids2063,Hobby,"16,900,000",US,"28,200",0,0
491,492,BeastPhilanthropy,Lifestyle_(sociology),"16,900,000",US,"21,500,000","952,100","24,000"
492,493,BollywoodClassics,Music,"16,900,000",IN,"40,100",191,12
493,494,DesiMelodies,Music_of_Asia,"16,800,000",IN,"2,400,000","9,500",259
494,495,IvanaAlawi,Food,"16,800,000",PH,"3,200,000","109,400","6,800"
495,496,NMFNews,Society,"16,800,000",IN,"4,000",86,2
496,497,DeToxoMoroxo-Oficial,Video_game_culture,"16,800,000",MX,"352,900","15,600","2,800"
497,498,ufc,Mixed_martial_arts,"16,800,000",US,"86,700","1,700",189
498,499,gmmtv,Television_program,"16,800,000",TH,"34,000",951,27
499,500,SagarKalraShorts,Entertainment,"16,800,000",IN,"864,100","8,000",129
500,501,disneyjunior,Film,"16,800,000",US,"116,400",342,0
501,502,TuCOSMOPOLIS,Society,"16,800,000",MX,"37,900","2,400",249
502,503,Chapitosiki,Lifestyle_(sociology),"16,800,000",RU,"272,800","6,500",15
503,504,thairathonline,Television_program,"16,700,000",TH,"9,100",137,6
504,505,viralhog,Pet,"16,700,000",US,"39,500","1,300",28
505,506,failarmy,Lifestyle_(sociology),"16,700,000",US,"2,200,000","20,700",746
506,507,IDEASEN5MINUTOSoficial,Lifestyle_(sociology),"16,700,000",MX,"116,500",246,8
507,508,FunFunMiniWorld,Lifestyle_(sociology),"16,700,000",US,"29,500",755,0
508,509,ch7hd,Entertainment,"16,600,000",TH,"2,500",66,1
509,510,DailyDoseOfInternet,Entertainment,"16,600,000",US,"4,000,000","193,200","5,200"
510,511,KaykaiSalaiderChannel,Lifestyle_(sociology),"16,600,000",TH,"813,000","32,500",369
511,512,LEGO,Film,"16,600,000",KR,"28,000",304,0
512,513,RCTILAYARDRAMAINDONESIA,Television_program,"16,600,000",ID,"10,200",174,5
513,514,tarik_alhalapi,Entertainment,"16,500,000",TR,"2,300,000","59,000",154
514,515,SandraCiresArt,Hobby,"16,500,000",US,0,0,0
515,516,Pitbull,Hip_hop_music,"16,500,000",US,"9,800",859,42
516,517,boyceavenue,Pop_music,"16,500,000",US,"17,200","1,400",26
517,518,LaRosaDeGuadalupeOf,Entertainment,"16,500,000",MX,"58,500","1,200",25
518,519,samsmith,Music,"16,500,000",GB,"28,500","1,900",67
519,520,Lyna,Action_game,"16,400,000",AR,"327,300","9,600",816
520,521,Mrwhosetheboss,Lifestyle_(sociology),"16,400,000",GB,"3,400,000","167,900","1,500"
521,522,Infobellsbengalirhymes,Entertainment,"16,400,000",IN,"746,400","20,500",0
522,523,GLENTYOUTUBE,Role-playing_video_game,"16,400,000",BY,"1,800,000","100,900","1,800"
523,524,T3ddy,Entertainment,"16,400,000",BR,"413,500","42,600",941
524,525,FitDanceTV,Hip_hop_music,"16,400,000",BR,"29,100",844,11
525,526,jjolatunji,Entertainment,"16,400,000",GB,"2,800,000","145,700","4,600"
526,527,mattstonie,Food,"16,400,000",US,"1,800,000","54,600","1,800"
527,528,TWICE,Pop_music,"16,400,000",KR,"350,600","51,700",304
528,529,rubentuestaoficial,Entertainment,"16,400,000",AR,"2,500,000","291,400","1,800"
529,530,Unspeakable,Lifestyle_(sociology),"16,400,000",US,"1,900,000","40,000",318
530,531,vladandnikiarab,Entertainment,"16,300,000",US,"126,100",613,0
531,532,ADME_RU,Lifestyle_(sociology),"16,300,000",RU,"17,200",472,26
532,533,DearSir,Entertainment,"16,300,000",IN,"266,300","22,500","2,300"
533,534,JoseComelonEspanol,Film,"16,300,000",MX,"484,600","1,900",0
534,535,NasyaOfficial,Hobby,"16,200,000",ID,"853,900","15,100",136
535,536,antrax,Lifestyle_(sociology),"16,200,000",MX,"623,600","39,500",746
536,537,kidsplay,Lifestyle_(sociology),"16,200,000",US,"28,300",132,0
537,538,DylandPROS,Action-adventure_game,"16,200,000",ID,"21,500",996,28
538,539,TV9Bharatvarsh,News,"16,200,000",IN,"4,100",97,1
539,540,mkmusic,Christian_music,"16,100,000",BR,"29,200","1,700",67
540,541,MoreAliA,Video_game_culture,"16,100,000",GB,"645,200","11,900",389
541,542,MYFAMILYComedy,Humour,"16,100,000",IN,"2,600,000","5,400",104
542,543,camilo,Lifestyle_(sociology),"16,000,000",CO,"560,000","17,000",590
543,544,Arifmuhammadd,Entertainment,"16,000,000",ID,"3,300,000","62,400","2,000"
544,545,SonyLIV,Entertainment,"16,000,000",IN,"9,300",105,4
545,546,wifistudy,Knowledge,"16,000,000",IN,"3,900",184,4
546,547,katakit_baby,Music,"16,000,000",SA,"174,500","1,200",0
547,548,MazhavilManorama,Film,"16,000,000",IN,"13,300",299,1
548,549,JulianaBaltar,Lifestyle_(sociology),"16,000,000",BR,"207,800","9,400",139
549,550,KarlaBustillos,Entertainment,"16,000,000",MX,"5,400,000","362,000","2,100"
550,551,kuplinovplay,Strategy_video_game,"16,000,000",RU,"1,900,000","124,700","2,300"
551,552,VolgaVideo,Entertainment,"16,000,000",IN,"3,500",22,0
552,553,DopeLyrics,Hip_hop_music,"16,000,000",US,"24,200",242,16
553,554,hamaarbhojpuri,Music_of_Asia,"16,000,000",IN,"32,200","1,200",22
554,555,yudistardhana,Lifestyle_(sociology),"16,000,000",ID,"492,000","18,300",148
555,556,MashaBearARAB,Film,"15,900,000",SA,"226,000","4,300",0
556,557,ChetanMongaVlogs,Film,"15,900,000",IN,"1,400,000","95,100",238
557,558,TeamFilmsBhojpuri,Music_of_Asia,"15,900,000",IN,"11,600",241,17
558,559,KashviAdlakha,Lifestyle_(sociology),"15,900,000",IN,"97,900","2,800",16
559,560,BlippiEspanol,Film,"15,900,000",MX,"245,100",628,0
560,561,pinkshirtcouple,Lifestyle_(sociology),"15,800,000",US,"3,200,000","123,400",843
561,562,ColorsRishtey1,Entertainment,"15,800,000",IN,"3,600",29,1
562,563,RottenTomatoesTRAILERS,Entertainment,"15,800,000",US,"34,600",510,49
563,564,FCBarcelona,Sport,"15,800,000",ES,"164,500","12,100",172
564,565,5MCArabic,Hobby,"15,800,000",EG,"32,500",169,4
565,566,5MinuteCraftsFAMILY,Lifestyle_(sociology),"15,800,000",US,"5,200",71,3
566,567,TheMriDul,Film,"15,700,000",IN,"7,400,000","349,500","10,200"
567,568,TalkingFriends,Film,"15,700,000",US,"17,800",125,0
568,569,SonyMusicSouth,Film,"15,600,000",IN,"256,100","3,000",85
569,570,zutigang,Entertainment,"15,600,000",IL,"124,400","4,900",24
570,571,HenriqueeJuliano,Music,"15,600,000",BR,"2,000,000","19,100",453
571,572,FFUNTV,Food,"15,600,000",AE,0,0,0
572,573,CNN,Society,"15,600,000",US,"152,800","2,300",983
573,574,MobileLegends5v5MOBA,Action_game,"15,600,000",US,"80,900",695,6
574,575,Zayn,Electronic_music,"15,600,000",US,"145,200","20,500",935
575,576,genierock,Rock_music,"15,600,000",TH,"66,700",742,41
576,577,TheHarshBeniwal,Entertainment,"15,600,000",IN,0,0,0
577,578,joerogan,Entertainment,"15,600,000",US,"1,200,000","20,700","3,100"
578,579,SRKMUSIC,Music,"15,600,000",IN,"13,000",318,20
579,580,EliKids,Film,"15,600,000",US,"173,500","2,300",0
580,581,Senya_Super,Lifestyle_(sociology),"15,500,000",US,"15,800",117,0
581,582,ShriPrashant,Religion,"15,500,000",IN,"71,800","6,300",44
582,583,A2Motivation,Society,"15,500,000",IN,"715,000","103,500",634
583,584,LOKESHGAMER,Video_game_culture,"15,400,000",IN,"240,400","27,400",660
584,585,Kerajinan5-Menit,Hobby,"15,400,000",ID,"11,500",70,3
585,586,romanatwoodvlogs,Vehicle,"15,400,000",US,"2,500,000","106,700","4,300"
586,587,LinusTechTips,Lifestyle_(sociology),"15,400,000",CA,"1,100,000","54,800","3,100"
587,588,DaveAndAva,Entertainment,"15,400,000",US,"164,100",559,0
588,589,kompastv,Society,"15,400,000",ID,"4,400",34,5
589,590,_vector_,Entertainment,"15,400,000",US,"15,400,000","712,400","1,200"
590,591,THE_BROWN_SIBLINGS,Entertainment,"15,400,000",IN,"234,500","15,600",57
591,592,Jesser,Lifestyle_(sociology),"15,400,000",US,"1,300,000","50,600",321
592,593,RayWilliamJohnson,Music,"15,400,000",US,"2,600,000","237,600","1,800"
593,594,GoAmiGo,Lifestyle_(sociology),"15,400,000",CO,"7,900,000","455,300","2,300"
594,595,nianaguerrero,Hobby,"15,400,000",PH,"504,800","12,100",290
595,596,abscbnnews,Society,"15,400,000",PH,"3,800",39,2
596,597,ndtvindia,Politics,"15,400,000",IN,"3,300",38,2
597,598,MNCTVOfficialId,Entertainment,"15,300,000",ID,"1,200",34,0
598,599,OyuncakAvi-oyku,Entertainment,"15,300,000",TR,"25,400",0,0
599,600,studyiqofficial,Knowledge,"15,200,000",IN,"16,400",883,21
600,601,ranzkyle,Hobby,"15,200,000",PH,"399,900","19,100",572
601,602,MohamedRamadan,Film,"15,200,000",EG,"272,900","6,400",82
602,603,HongyuASMR,Lifestyle_(sociology),"15,200,000",KR,"368,500","4,100",148
603,604,DaftarPopuler,Society,"15,200,000",ID,"56,400",749,97
604,605,EdisonPts,Action-adventure_game,"15,200,000",RU,"1,600,000","108,100","4,200"
605,606,SupercarBlondie,Lifestyle_(sociology),"15,200,000",AE,"745,100","23,100",425
606,607,PlayStation,Action-adventure_game,"15,200,000",US,"33,100",995,83
607,608,Thaich8,Television_program,"15,200,000",TH,"9,000",135,4
608,609,kwebbelkop,Entertainment,"15,200,000",US,"60,800",602,279
609,610,mariale,Lifestyle_(sociology),"15,200,000",US,"17,700","1,200",19
610,611,PPMussas,Technology,"15,200,000",MX,"230,400","10,400",393
611,612,Makiman131,Entertainment,"15,200,000",ES,"238,400","11,000",345
612,613,LittleAngelBrasil,Film,"15,100,000",BR,"206,800",453,0
613,614,zncoficial,Music,"15,100,000",BR,"20,400","1,800",33
614,615,indorephysicalacademy.,Lifestyle_(sociology),"15,100,000",IN,"54,800","3,900",95
615,616,NetflixJr,Film,"15,100,000",US,"104,200",197,0
616,617,TazerCraft,Video_game_culture,"15,000,000",BR,"182,000","12,700",525
617,618,PeetMontzingo,Lifestyle_(sociology),"15,000,000",US,"1,700,000",0,"1,100"
618,619,XpressTV,Lifestyle_(sociology),"15,000,000",MX,"1,100,000","33,400",311
619,620,ABCNews,Society,"15,000,000",US,"10,900",115,50
620,621,Therichest,Vehicle,"15,000,000",US,"8,500",246,19
621,622,leagueoflegends,Strategy_video_game,"15,000,000",US,"909,100","45,300","1,900"
622,623,RS1313Shorts,Lifestyle_(sociology),"15,000,000",IN,"5,000",49,9
623,624,mispastelitos,Food,"15,000,000",MX,"1,700,000","89,700",903
624,625,crashcourse,Knowledge,"15,000,000",US,"28,900","1,200",32
625,626,5MinuteCraftsRecycle,Food,"15,000,000",US,"6,300",70,3
626,627,itowngameplay,Action_game,"15,000,000",ES,"47,100","2,600",167
627,628,TroomTroomRu,Entertainment,"15,000,000",UA,"96,000","2,000",11
628,629,jorgeemateus,Music_of_Latin_America,"14,900,000",BR,"72,600","2,400",103
629,630,cure0721,Entertainment,"14,900,000",KR,"3,300,000","245,100","2,300"
630,631,iamneetubisht,Lifestyle_(sociology),"14,900,000",IN,"3,500,000","200,400",215
631,632,SusyMouriz,Entertainment,"14,900,000",MX,"4,900,000","364,000","1,400"
632,633,MattyBRaps,Music,"14,900,000",US,"267,900",949,0
633,634,OReinoInfantil,Music,"14,900,000",BR,"88,300",262,0
634,635,AadishaktiFilms,Music_of_Asia,"14,900,000",IN,"12,500",336,30
635,636,GyanGaming,Action_game,"14,800,000",IN,"264,800","22,700",248
636,637,fueledbyramen,Independent_music,"14,800,000",US,"88,400",696,40
637,638,camilaloures,Lifestyle_(sociology),"14,800,000",BR,"271,900","16,700",237
638,639,sevengersofficial,Entertainment,"14,800,000",IN,"3,200,000","342,100",486
639,640,MeghanTrainor,Entertainment,"14,800,000",US,"17,600",662,49
640,641,theslowmoguys,Lifestyle_(sociology),"14,800,000",US,"1,100,000","66,200","1,700"
641,642,majorlazer,Electronic_music,"14,800,000",US,"25,700",722,36
642,643,lachlan,Video_game_culture,"14,800,000",AU,"500,700","19,500",262
643,644,MalumaVEVO,Pop_music,"14,800,000",CO,"226,400","8,500",275
644,645,chadwildclay,Lifestyle_(sociology),"14,800,000",US,"864,700","17,500","3,200"
645,646,auron,Action-adventure_game,"14,800,000",ES,"1,100,000","48,800",861
646,647,E_MasterSensei,Video_game_culture,"14,800,000",MX,"519,800","32,200",459
647,648,MartinGarrix,Electronic_music,"14,800,000",US,"40,700","4,000",130
648,649,facts806,Society,"14,800,000",SA,"12,500",744,17
649,650,collegehumor,Entertainment,"14,800,000",US,"212,000","10,100",487
650,651,BBCNews,Society,"14,800,000",GB,"66,300",913,444
651,652,DocTops,Society,"14,800,000",EC,"1,300,000","45,200",881
652,653,PrestonPlayz,Video_game_culture,"14,800,000",US,"787,300","11,900",686
653,654,vladandnikiport,Lifestyle_(sociology),"14,700,000",US,"511,300",0,0
654,655,TheVishalbhatt,Humour,"14,700,000",IN,"446,900","27,600",49
655,656,nostalgia,Entertainment,"14,700,000",BR,"53,900","6,400",335
656,657,DentalDigest,Food,"14,700,000",US,"6,400,000","209,400",563
657,658,zeebangla,Entertainment,"14,700,000",IN,"1,300",17,0
658,659,cokestudio,Music,"14,700,000",PK,"1,800,000","1,400",47
659,660,LikeNastya_Stories,Hobby,"14,700,000",US,"77,600",345,0
660,661,user-ts8yv9np7m,Hobby,"14,700,000",KR,"38,000",159,0
661,662,infobellskannadarhymes,Film,"14,700,000",IN,"348,300","8,100",0
662,663,ZEE5,Entertainment,"14,700,000",IN,256,8,0
663,664,rebeccazamolo,Lifestyle_(sociology),"14,600,000",US,"2,900,000","30,400","2,600"
664,665,ZigandSharko,Television_program,"14,600,000",FR,"136,900",935,0
665,666,VijayKumarVinerVlogs,Film,"14,600,000",IN,"110,600","3,100",5
666,667,GMM25Thailand,Entertainment,"14,600,000",TH,"2,900",34,0
667,668,Telemundo,Entertainment,"14,600,000",US,"2,800",53,4
668,669,TheDodo,Lifestyle_(sociology),"14,600,000",US,"462,900","12,300",412
669,670,NatanporAi,Lifestyle_(sociology),"14,600,000",BR,"1,500,000","28,300",221
670,671,IDEIASINCRIVEIS,Hobby,"14,600,000",BR,"11,000",120,3
671,672,boramtubetoysreview9575,Lifestyle_(sociology),"14,600,000",KR,"9,500",77,0
672,673,legendaefunk,Electronic_music,"14,600,000",BR,"3,700",154,8
673,674,woodyandkleiny,Entertainment,"14,600,000",GB,"524,900","35,100",86
674,675,NobruTV,Action-adventure_game,"14,600,000",BR,"367,300","31,300",125
675,676,reactiontime,Lifestyle_(sociology),"14,600,000",US,"12,600",681,30
676,677,TommyInnit,Role-playing_video_game,"14,600,000",GB,"1,400,000","99,000","4,900"
677,678,LillySingh,Entertainment,"14,600,000",CA,"54,700","3,600",55
678,679,lesboystv,Lifestyle_(sociology),"14,500,000",US,"28,700",0,0
679,680,GH.S,Film,"14,500,000",KR,"5,100,000","194,600",816
680,681,IanBoggs,Entertainment,"14,500,000",JP,"2,500,000","175,300","1,800"
681,682,Drawblogs,Entertainment,"14,400,000",PE,"9,300",446,25
682,683,RosannaPansino,Lifestyle_(sociology),"14,400,000",US,"48,500","3,300",31
683,684,LuliPampin,Entertainment,"14,400,000",ES,"1,200,000","2,500",0
684,685,CrescendocomLuluca,Lifestyle_(sociology),"14,400,000",BR,"768,300","31,200","1,700"
685,686,AlexaRivera,Lifestyle_(sociology),"14,400,000",US,"3,500,000","87,700","2,500"
686,687,dangmattsmith,Entertainment,"14,400,000",US,"58,000","3,000",274
687,688,WishFM1075official,Rock_music,"14,400,000",PH,"49,400",711,73
688,689,BobonSantoso,Lifestyle_(sociology),"14,400,000",ID,"242,200","7,100",137
689,690,nikkietutorials,Lifestyle_(sociology),"14,400,000",NL,"2,700,000","152,400","1,100"
690,691,Compot,Video_game_culture,"14,400,000",RU,"1,000,000","40,600","1,700"
691,692,vladandnikirus,Hobby,"14,300,000",US,"832,100","2,700",0
692,693,JamunaTVbd,Society,"14,300,000",BD,"3,800",70,11
693,694,zeetvtelugu,Entertainment,"14,300,000",IN,"2,700",78,0
694,695,seungbini67,Lifestyle_(sociology),"14,300,000",KR,"9,200,000","325,200","2,000"
695,696,boxtoxtv,Entertainment,"14,300,000",DE,"1,700,000","53,500",138
696,697,ETVJabardasth,Television_program,"14,300,000",IN,"70,800","1,700",4
697,698,Jazzghost,Role-playing_video_game,"14,200,000",BR,"1,400,000","61,500","2,100"
698,699,BieTheSka,Film,"14,200,000",TH,"316,600","8,900",71
699,700,airrack,Lifestyle_(sociology),"14,200,000",US,"4,400,000","192,700","6,400"
700,701,inventonahora,Lifestyle_(sociology),"14,200,000",BR,"466,900","47,500",447
701,702,TheSocialFactory,Film,"14,200,000",IN,0,0,0
702,703,nehakakkar,Music,"14,200,000",IN,"320,100","25,600",284
703,704,SuperPolina,Hobby,"14,200,000",US,"1,800",10,0
704,705,ComePlayWithMe,Hobby,"14,200,000",US,"1,500,000",0,0
705,706,veritasium,Lifestyle_(sociology),"14,200,000",US,"2,800,000","110,800","7,500"
706,707,SanjoyDasOfficial,Entertainment,"14,200,000",IN,"326,200","34,800",101
707,708,karameeshchannel,Film,"14,200,000",JO,"267,600","1,900",0
708,709,AM3NlC,Technology,"14,200,000",BR,"329,100","25,200",303
709,710,huba3,Food,"14,200,000",US,"1,100,000","27,400",109
710,711,DEVKeFacts,Lifestyle_(sociology),"14,200,000",IN,"1,200,000","45,600",27
711,712,ATRO55,Video_game_culture,"14,200,000",NL,"523,100","51,200","3,600"
712,713,Narobeauty,Lifestyle_(sociology),"14,200,000",SE,"2,400,000","124,700","5,300"
713,714,trapcity,Music,"14,200,000",NL,"17,500",734,30
714,715,refugiomental6032,Entertainment,"14,200,000",BR,"76,600","1,200",22
715,716,vilmei,Entertainment,"14,200,000",ID,"162,100",0,304
716,717,TVAnaEmilia,Technology,"14,200,000",MX,"85,800","4,100",276
717,718,thinkmusicofficial,Music,"14,200,000",IN,"41,900","1,000",19
718,719,tseriesregional,Music_of_Asia,"14,200,000",IN,"6,900",59,5
719,720,MasterskayaNastroeny,Entertainment,"14,100,000",RU,"125,600","2,700",81
720,721,theHacksmith,Lifestyle_(sociology),"14,100,000",CA,"174,900","10,200",102
721,722,StrayKids,Music_of_Asia,"14,100,000",KR,"839,600","146,500","4,300"
722,723,kidstvindia,Music,"14,100,000",IN,"24,100",70,0
723,724,vladynikishow,Hobby,"14,100,000",US,"312,400","1,100",0
724,725,RaptorGamer,Video_game_culture,"14,000,000",EC,"257,400","19,900",319
725,726,geonews,Society,"14,000,000",PK,"3,900",47,3
726,727,OQueNaoDizerOficial,Entertainment,"14,000,000",BR,"61,400","7,300",94
727,728,atlanticrecords,Pop_music,"14,000,000",US,"6,300",315,11
728,729,Acenix,Action-adventure_game,"14,000,000",ES,"741,100","23,400",821
729,730,Infobellsrhymes,Entertainment,"14,000,000",IN,"105,600","3,300",0
730,731,GoldminesPremiere,Entertainment,"14,000,000",IN,"8,900",168,0
731,732,DesiGamers_,Role-playing_video_game,"14,000,000",IN,"971,100","99,700","2,500"
732,733,juliagisella,Hobby,"14,000,000",US,"524,700","53,100","1,100"
733,734,albert_cancook,Lifestyle_(sociology),"14,000,000",US,"6,700,000","459,100","2,500"
734,735,bibotoysrus,Entertainment,"13,900,000",RU,"106,400",0,0
735,736,adeletsami3286,Lifestyle_(sociology),"13,900,000",US,"8,000",37,0
736,737,123GOSpanish,Hobby,"13,900,000",MX,"60,400",547,15
737,738,Mythpat,Video_game_culture,"13,900,000",IN,"11,700,000","1,200,000","15,800"
738,739,MaviGadgets,Lifestyle_(sociology),"13,900,000",US,"212,800","4,600",18
739,740,wesleysafadao,Pop_music,"13,900,000",BR,"162,700","4,600",139
740,741,BBC,Entertainment,"13,800,000",GB,"9,900",226,5
741,742,nishamadhulika,Food,"13,800,000",IN,"132,400","3,200",538
742,743,AdamW,Entertainment,"13,800,000",US,"2,900,000","98,200",470
743,744,FAPTV,Film,"13,800,000",VN,"75,100","2,300",14
744,745,BigTastyAnimations,Action_game,"13,800,000",FI,"199,900","12,600",27
745,746,jbalvinVEVO,Hip_hop_music,"13,800,000",CO,0,0,0
746,747,jomyproductionshorts,Entertainment,"13,800,000",IN,"258,800","8,600",30
747,748,jojotvhindi,Film,"13,800,000",IN,"19,700",499,0
748,749,MAIKI021,Lifestyle_(sociology),"13,800,000",BR,"6,000",754,62
749,750,penguinz0,Action_game,"13,800,000",US,"1,700,000","71,600","4,500"
750,751,PetsSwag,Lifestyle_(sociology),"13,800,000",US,"909,900","30,500",286
751,752,codiscos,Music,"13,800,000",CO,"19,500",287,7
752,753,blockbustermovies7960,Film,"13,800,000",IN,"8,700",174,2
753,754,ZeinabHarakeVlogs,Lifestyle_(sociology),"13,800,000",PH,"2,800,000","94,000","3,700"
754,755,gmanews,Society,"13,800,000",PH,"3,400",48,4
755,756,PlayHard,Video_game_culture,"13,800,000",BR,"120,000","12,000",85
756,757,TypicalGamer,Action_game,"13,800,000",CA,"284,700","7,400",210
757,758,mymissanand,Lifestyle_(sociology),"13,700,000",IN,"965,100","17,300","1,000"
758,759,WanasahTV1,Film,"13,700,000",SA,"856,300","3,500",0
759,760,ladydiana11,Entertainment,"13,700,000",UA,"2,600,000","58,300","3,500"
760,761,AmaraQueLinda,Lifestyle_(sociology),"13,600,000",CO,"719,100","59,000",172
761,762,BUDI01GAMING,Action_game,"13,600,000",ID,"625,000","26,000","1,300"
762,763,lunomosik,Entertainment,"13,600,000",RU,"1,400,000","27,500","1,200"
763,764,KidsLineKOYA,Entertainment,"13,600,000",US,"9,300",40,0
764,765,TrakinTech,Technology,"13,600,000",IN,"418,000","22,800",817
765,766,Vogue,Lifestyle_(sociology),"13,600,000",US,"114,800","5,700",44
766,767,MyMateNate,Lifestyle_(sociology),"13,600,000",TH,"1,300,000","30,700","1,100"
767,768,luismendez1405,Entertainment,"13,600,000",MX,"1,000,000","182,000","1,600"
768,769,awakeningrecords,Music,"13,600,000",GB,"15,300",675,35
769,770,TwinsFromRussiaRevega,Entertainment,"13,600,000",US,"65,200","2,000",13
770,771,onlinejobRk,Society,"13,600,000",IN,"4,300",99,13
771,772,BanderitaX,Action-adventure_game,"13,600,000",SA,"1,200,000","88,200","4,600"
772,773,Anaysa,Film,"13,600,000",IN,"94,900","4,900",76
773,774,Painzeiro,Lifestyle_(sociology),"13,600,000",BR,"351,800","7,500",319
774,775,PozziGamer,Role-playing_video_game,"13,600,000",US,"391,900","15,400","1,000"
775,776,ConorMaynard,Music,"13,600,000",US,"52,200","2,600",131
776,777,Wengie,Lifestyle_(sociology),"13,600,000",US,"17,000","1,200",137
777,778,ryan,Lifestyle_(sociology),"13,600,000",US,"7,000,000","222,800","11,500"
778,779,Thegeetagurjar,Film,"13,500,000",IN,"3,200,000","70,800",57
779,780,sportsnationespn,Lifestyle_(sociology),"13,500,000",US,"114,000","3,700",39
780,781,itsDrRyan,Lifestyle_(sociology),"13,500,000",US,"1,000,000","39,200",634
781,782,MCDivertida,Lifestyle_(sociology),"13,500,000",BR,"288,700","1,400",0
782,783,TechnologyGyan,Technology,"13,400,000",IN,"445,400","29,100","1,200"
783,784,MattSDance,Hip_hop_music,"13,400,000",US,"54,200","2,700",24
784,785,KabitasKitchen,Lifestyle_(sociology),"13,400,000",IN,"111,000","3,900",156
785,786,gags,Entertainment,"13,400,000",US,"156,900","1,500",38
786,787,theworldadventureshindi,Lifestyle_(sociology),"13,400,000",IN,"6,200",342,21
787,788,SonotekBhakti,Music_of_Asia,"13,400,000",IN,"4,400",109,13
788,789,H2ODelirious,Action-adventure_game,"13,400,000",US,"153,900","6,600",163
789,790,athleanx,Lifestyle_(sociology),"13,400,000",US,"340,400","13,000",926
790,791,TheInfographicsShow,Politics,"13,400,000",US,"162,500","5,700",232
791,792,theRadBrad,Action_game,"13,400,000",US,"76,600","3,200",182
792,793,LofiGirl,Hip_hop_music,"13,400,000",FR,"139,000","8,500",132
793,794,KurtHugoSchneider,Entertainment,"13,400,000",US,"20,600","1,200",72
794,795,AzzyLand,Lifestyle_(sociology),"13,400,000",CA,"115,600","3,600",472
795,796,BrawlStars,Puzzle_video_game,"13,400,000",FI,"1,500,000","98,400","2,700"
796,797,einerdtv,Film,"13,400,000",BR,"155,100","22,400",614
797,798,AlexGonzagaOfficial,Lifestyle_(sociology),"13,400,000",PH,"1,600,000","36,300","1,100"
798,799,PeppaPigPortuguesOficial,Film,"13,300,000",BR,"354,800","1,900",0
799,800,VexTrexKidsCartoon,Entertainment,"13,300,000",UA,"21,100",0,0
800,801,MashaBearUkraine,Entertainment,"13,300,000",UA,"85,400",673,0
801,802,DJKhaledOfficial,Music,"13,300,000",US,"178,400","4,500",201
802,803,OficialHungria,Music,"13,300,000",BR,"75,000","7,400",132
803,804,prantoniojunior,Society,"13,300,000",BR,"246,300","46,500","5,100"
804,805,Akon,Music,"13,200,000",US,"32,000","1,900",91
805,806,knowledgetvhindi001,Politics,"13,200,000",IN,"58,100","2,300",87
806,807,GuiGe,Entertainment,"13,200,000",HK,"176,700","6,100",9
807,808,MARIANAMIAMORCH,Entertainment,"13,200,000",MX,"533,700","32,300",330
808,809,NickPro,Lifestyle_(sociology),"13,200,000",CA,"12,200,000","286,000",245
809,810,RauwAlejandroTv,Hip_hop_music,"13,200,000",PR,"219,400","7,300",367
810,811,LizaBaez,Lifestyle_(sociology),"13,200,000",MX,"832,800","104,300",840
811,812,klara_tania,Entertainment,"13,200,000",ID,"834,500","47,500",245
812,813,Caylus,Role-playing_video_game,"13,200,000",US,"477,600","11,800",789
813,814,AlArabiya,Society,"13,200,000",SA,"5,000",90,5
814,815,Davie504,Entertainment,"13,200,000",IT,0,0,0
815,816,JesseAndMike,Film,"13,200,000",US,"201,400","3,600",132
816,817,redetv,Lifestyle_(sociology),"13,200,000",BR,"2,500",90,2
817,818,spider-maaaaaaan,Film,"13,100,000",IN,"1,900,000","45,000",81
818,819,CznBurak,Lifestyle_(sociology),"13,100,000",TR,"1,400,000","72,500","1,000"
819,820,rupalchoudharytd,Entertainment,"13,100,000",IN,"279,100","21,000",97
820,821,CuteWolfVideos,Film,"13,100,000",US,"53,500",116,0
821,822,TopViralTalentYT,Performing_arts,"13,000,000",US,"17,700",283,12
822,823,ColeAndSav,Lifestyle_(sociology),"13,000,000",US,"322,100","10,100",0
823,824,gymvirtual,Physical_fitness,"13,000,000",ES,"50,900","1,900",49
824,825,DuoTiempoDeSol,Film,"13,000,000",AR,"47,400",170,0
825,826,KiryaKolesnikov,Lifestyle_(sociology),"13,000,000",US,"54,700","1,900",7
826,827,MoniLinaFamily,Lifestyle_(sociology),"13,000,000",US,"147,300","3,600",13
827,828,zeetamil,Entertainment,"13,000,000",IN,"1,200",11,0
828,829,mariano_razo,Lifestyle_(sociology),"13,000,000",MX,"5,300,000","399,300","1,100"
829,830,Chustertv,Film,"13,000,000",ES,"1,600,000","96,300",296
830,831,francoescamilla,Film,"13,000,000",MX,"560,000","11,800",288
831,832,sulgiyang,Lifestyle_(sociology),"13,000,000",KR,"557,500","8,600",349
832,833,TalkingAngela,Entertainment,"13,000,000",SI,"53,000",360,0
833,834,officialjassrecords,Music,"13,000,000",IN,"12,800",662,7
834,835,bibotoyskor,Hobby,"12,900,000",KR,"4,300",0,0
835,836,HeidiandZidaneEsp,Hobby,"12,900,000",US,"61,100",363,0
836,837,dianaandromaind5591,Entertainment,"12,900,000",US,"222,200",395,0
837,838,Behindwoodstv,Entertainment,"12,900,000",IN,"13,300",386,2
838,839,dhruvrathee,Society,"12,900,000",DE,"6,400,000","328,000","10,000"
839,840,TroomTroom_India,Lifestyle_(sociology),"12,900,000",IN,"21,200",244,5
840,841,watchHitsHD,Music,"12,900,000",IN,"72,300","8,200",41
841,842,janesergo,Lifestyle_(sociology),"12,900,000",TH,"99,500","2,600",10
842,843,RobTopGames,Video_game_culture,"12,800,000",SE,"2,200,000","217,900","16,000"
843,844,FreeFireIndiaOfficial,Action_game,"12,800,000",IN,"308,800","25,200",416
844,845,FamilyFitnessChannel,Lifestyle_(sociology),"12,800,000",IN,"318,800","14,400",610
845,846,EnglishConnectionByKanchan,Entertainment,"12,800,000",IN,"247,400","15,200",279
846,847,MrSuicideSheep,Electronic_music,"12,800,000",CA,"39,700","1,900",37
847,848,MundoBita,Entertainment,"12,800,000",BR,"152,700","2,700",0
848,849,GustavoParodiasOficial,Film,"12,800,000",BR,"168,800","7,700",34
849,850,NANDO,Lifestyle_(sociology),"12,800,000",MX,"208,300","13,000",70
850,851,elliegouldingofficial,Lifestyle_(sociology),"12,800,000",GB,0,0,0
851,852,AdexeyNau,Music_of_Latin_America,"12,800,000",ES,"13,100","1,500",62
852,853,NDTV,Society,"12,800,000",IN,"1,400",10,1
853,854,piuzinho,Video_game_culture,"12,800,000",BR,"527,100","107,700","3,800"
854,855,BlossomTV,Hobby,"12,800,000",US,"24,800",747,5
855,856,ZeeKids,Film,"12,800,000",IN,"153,700","2,600",0
856,857,FlowersComedy,Film,"12,800,000",IN,"101,900","1,000",169
857,858,FirstWeFeast,Entertainment,"12,800,000",US,"157,600","5,500",86
858,859,Morgz,Entertainment,"12,800,000",GB,"1,100,000","31,100",217
859,860,Littleglove,Lifestyle_(sociology),"12,800,000",IN,"1,100,000","61,700",221
860,861,MoonbugKids_SingAlongWithMe,Music,"12,700,000",US,"49,000",100,0
861,862,refugiomental6818,Entertainment,"12,700,000",BR,"107,400","2,700",28
862,863,Yair17,Action_game,"12,600,000",MX,"159,800","14,700",411
863,864,NITINFREEFIRE,Video_game_culture,"12,600,000",IN,"1,500,000","177,800","4,100"
864,865,MasSKabeche,Lifestyle_(sociology),"12,600,000",MX,0,0,0
865,866,WaveMusicBhakti,Music,"12,600,000",IN,"3,400",52,3
866,867,TheDaniRep,Action-adventure_game,"12,600,000",ES,"195,500","19,600",95
867,868,parafernalha,Entertainment,"12,600,000",BR,"84,900","6,300",55
868,869,TimbaVk,Action-adventure_game,"12,600,000",ES,"414,000","15,200",472
869,870,NasDaily,Lifestyle_(sociology),"12,600,000",US,"448,700","19,300",793
870,871,TroomTroom_Indonesia,Entertainment,"12,600,000",ID,"59,800",509,16
871,872,casey,Lifestyle_(sociology),"12,600,000",US,0,0,0
872,873,bharatzkitchenHINDI,Food,"12,600,000",IN,"271,000","4,100",183
873,874,jtcasey,Entertainment,"12,600,000",US,"156,600","7,400",136
874,875,aljazeera,Politics,"12,600,000",QA,"7,000",105,14
875,876,WildNOut,Film,"12,600,000",US,"228,400","8,600",176
876,877,gibby,Technology,"12,600,000",MX,"174,400","9,500",364
877,878,BiperYSusAmigos,Music,"12,600,000",US,"155,000",0,0
878,879,AvrilLavigne,Rock_music,"12,600,000",CA,"53,600","5,700",197
879,880,nhstudioz,Music_of_Asia,"12,600,000",IN,"11,500",77,3
880,881,QuantumTech,Lifestyle_(sociology),"12,600,000",ES,"185,300","2,300",55
881,882,DisneyChannelUK,Entertainment,"12,600,000",GB,"19,000",307,0
882,883,pocoyo,Entertainment,"12,600,000",ES,"335,000","2,200",0
883,884,TroomTroom_Pt,Entertainment,"12,600,000",PT,"43,700",971,14
884,885,GoldminesActionMovies,Film,"12,600,000",IN,"7,900",139,0
885,886,redbull,Lifestyle_(sociology),"12,600,000",AT,"1,400,000","52,300",322
886,887,CHHOTUKIMASTI,Entertainment,"12,600,000",IN,"655,600","5,600",84
887,888,parislifestyle7488,Lifestyle_(sociology),"12,600,000",IN,"517,100","5,100",345
888,889,DRJRecordsspecials,Film,"12,600,000",US,"8,900",46,1
889,890,colinfurze,Hobby,"12,600,000",GB,"1,500,000","69,600","2,600"
890,891,justinflom,Entertainment,"12,600,000",US,"791,700","18,100",188
891,892,PeopleVsFood,Lifestyle_(sociology),"12,600,000",US,"388,300","14,200",789
892,893,RachitRojha,Entertainment,"12,600,000",IN,"1,600,000","38,600","1,100"
893,894,Baby_Jenny,Entertainment,"12,500,000",US,"18,600",71,0
894,895,hzhtubekidsfun,Entertainment,"12,500,000",US,"79,000","1,500",0
895,896,healthtime6469,Health,"12,500,000",IN,"3,300",115,4
896,897,LittleBabyBumEspanol,Film,"12,500,000",ES,"7,200",18,0
897,898,HeroMovies2023,Entertainment,"12,500,000",IN,"7,100",215,2
898,899,CalvinHarrisVEVO,Music,"12,500,000",GB,"71,300","3,500",156
899,900,FarjanaDrawingAcademy,Lifestyle_(sociology),"12,500,000",BD,"387,100","25,100",316
900,901,TeremokTV,Television_program,"12,500,000",RU,"95,400",253,0
901,902,eltrece,Television_program,"12,400,000",AR,"1,500",15,3
902,903,TheKingofRandom,Lifestyle_(sociology),"12,400,000",US,"32,700","1,000",86
903,904,Vendyyaduwanshi,Film,"12,400,000",IN,"353,000","44,100",74
904,905,ArynewsTvofficial,Politics,"12,400,000",PK,"3,600",75,2
905,906,MakeJokeOf,Entertainment,"12,400,000",IN,"7,400,000","343,000","12,000"
906,907,LOUDgg,Lifestyle_(sociology),"12,400,000",BR,"310,800","22,300",275
907,908,ctctv,Entertainment,"12,400,000",RU,"39,900",940,20
908,909,TalentRecap,Entertainment,"12,400,000",US,"52,100",544,36
909,910,LittleTreehouseNurseryRhymes,Music,"12,400,000",US,"104,200",373,0
910,911,scottsreality,Entertainment,"12,400,000",NL,"9,300,000","199,200","1,600"
911,912,OliviaRodrigo,Music,"12,400,000",US,"1,600,000","78,000","2,400"
912,913,GrandmasterJinBodhi,Lifestyle_(sociology),"12,400,000",CA,"26,400",639,26
913,914,IceCreamRolls,Lifestyle_(sociology),"12,400,000",DE,"18,000",634,29
914,915,_gogo2728,Lifestyle_(sociology),"12,400,000",IN,"86,700","8,200",37
915,916,FilmTheory,Entertainment,"12,400,000",US,"1,200,000","71,500","4,500"
916,917,HISTORY,Television_program,"12,400,000",US,"108,200","1,900",167
917,918,NattiNatasha,Pop_music,"12,400,000",US,"56,300","3,400",65
918,919,123GO_,Lifestyle_(sociology),"12,400,000",US,"133,200",549,26
919,920,JoojNatu,Entertainment,"12,400,000",BR,"2,300,000","197,700",759
920,921,belabagunca,Lifestyle_(sociology),"12,400,000",BR,"114,900","3,900",87
921,922,BlackEyedPeas,Pop_music,"12,400,000",US,"10,100",498,9
922,923,rathorvideo,Music,"12,400,000",IN,"5,300",55,4
923,924,InsideEdition,Society,"12,400,000",US,"65,800","1,700",173
924,925,Panda.,Video_game_culture,"12,400,000",SE,"839,300","70,100",800
925,926,NirahuaMusic,Music,"12,300,000",AE,"799,200","8,900",199
926,927,WatchMeOff,Entertainment,"12,300,000",US,"749,800","20,200",89
927,928,LuanSantana,Music,"12,300,000",US,"1,200,000","50,000","1,500"
928,929,JugnuKidsrhymes,Music,"12,300,000",IN,"46,900",176,0
929,930,MBCMASRtv,Society,"12,200,000",EG,"2,200",39,2
930,931,Lulu99,Lifestyle_(sociology),"12,200,000",CO,"410,400","32,000",660
931,932,LipaoGamer,Action-adventure_game,"12,200,000",BR,"130,100","5,100",86
932,933,lilwayne,Music,"12,200,000",US,"203,700","11,100",576
933,934,natandessie,Hobby,"12,200,000",US,"62,600",256,0
934,935,itsxomgpop,Music,"12,200,000",US,"32,900","1,500",0
935,936,yogawithadriene,Lifestyle_(sociology),"12,200,000",US,0,0,0
936,937,SPDNOO1,Lifestyle_(sociology),"12,200,000",TH,"1,600,000","62,500",137
937,938,bbcearth,Entertainment,"12,200,000",GB,"92,100","1,600",103
938,939,telugufilmnagar,Film,"12,200,000",IN,"3,400",55,1
939,940,MashaBearHINDI,Entertainment,"12,200,000",IN,"90,900","1,600",0
940,941,MUSATANVEER,Entertainment,"12,200,000",AE,"166,700","3,200",43
941,942,brancoala,Hobby,"12,200,000",BR,"343,100","6,200",204
942,943,KooKooTvHindi,Television_program,"12,200,000",IN,"337,800","2,600",80
943,944,TWOSIDEGAMERS,Video_game_culture,"12,200,000",IN,"200,400","18,800",656
944,945,flamingo,Role-playing_video_game,"12,200,000",US,"1,800,000","71,300","8,800"
945,946,OumWalidcuisine,Food,"12,200,000",DZ,"333,500","16,000",791
946,947,elrubius,Video_game_culture,"12,200,000",ES,"1,100,000","85,600",934
947,948,Aniruddhacharyaji,Music,"12,100,000",IN,"116,400","3,600",192
948,949,SaregamaHumBhojpuri,Music,"12,100,000",IN,"39,300","2,200",40
949,950,Super_Senya_RU,Hobby,"12,100,000",US,"47,200",192,0
950,951,HiTechIslamic,Music_of_Asia,"12,100,000",GB,"62,200",810,59
951,952,timesmusicindia,Music_of_Asia,"12,100,000",IN,"5,400",265,7
952,953,CarryisLive,Video_game_culture,"12,000,000",IN,0,0,0
953,954,AnnoyingOrange,Film,"12,000,000",US,"187,200","6,900",445
954,955,HeeraGoldOfficial,Music_of_Asia,"12,000,000",PK,"30,600",953,70
955,956,ChainsmokersVEVO,Music,"12,000,000",US,"406,600","16,300",663
956,957,Family-Box,Lifestyle_(sociology),"12,000,000",RU,"177,400","6,300",86
957,958,linhnhishorts,Entertainment,"12,000,000",NL,"500,700","8,300",9
958,959,dojacat,Soul_music,"11,900,000",US,"13,600,000","395,300","73,000"
959,960,BS_Arabic,Lifestyle_(sociology),"11,900,000",EG,"6,000",160,11
960,961,deepalimarkam1,Humour,"11,900,000",IN,"1,400,000",0,300
961,962,M4Techofficial,Lifestyle_(sociology),"11,900,000",IN,"825,300","38,100",827
962,963,CNCOMusic,Music,"11,900,000",US,"8,400","2,100",83
963,964,SingleTrackStudioz,Music_of_Asia,"11,900,000",IN,"20,300",351,16
964,965,FrontaLGaming,Action_game,"11,900,000",ID,"113,100","3,900",195
965,966,mmdcrew,Hip_hop_music,"11,900,000",RU,"3,100,000","189,900","4,800"
966,967,PlanetEarthINDIA,Entertainment,"11,900,000",IN,"12,200",577,61
967,968,TeremokSongs,Film,"11,900,000",RU,"66,100",170,0
968,969,user-tt5ge5fj4i,Hobby,"11,900,000",US,"72,200",385,0
969,970,UTKARSHCLASSES13,Knowledge,"11,900,000",IN,"79,100","6,300",136
970,971,itsbrothersvlog,Food,"11,900,000",PK,"3,100,000",0,31
971,972,GoldminesHousefull,Entertainment,"11,900,000",IN,"8,000",0,0
972,973,oggy,Film,"11,900,000",FR,"163,700","1,300",0
973,974,PeppaPigHindiOfficial,Television_program,"11,900,000",IN,"451,700","2,900",0
974,975,KaKaKidsTV,Music,"11,900,000",US,"19,200",434,0
975,976,toysplay,Hobby,"11,900,000",US,"185,200",506,0
976,977,NickDiGiovanni,Food,"11,900,000",US,"4,300,000","339,800","2,700"
977,978,sagahits,Music,"11,900,000",IN,"25,800",497,10
978,979,HikakinTV,Music,"11,900,000",JP,"2,100,000","51,000","2,300"
979,980,Jackdohertyy,Entertainment,"11,900,000",US,"867,800","37,000",406
980,981,GarenaFreeFireLATAM,Action_game,"11,900,000",MX,"37,900","2,600",41
981,982,Enterr10Rangeela,Music,"11,900,000",IN,"20,600",325,4
982,983,KenhThieuNhiBHMedia,Pop_music,"11,900,000",US,"10,200",28,0
983,984,mussoumano,Hip_hop_music,"11,900,000",BR,"1,600,000","68,700","2,400"
984,985,videogyan,Film,"11,800,000",IN,"955,300","19,800",0
985,986,lukedavidson81,Entertainment,"11,800,000",CA,"1,700,000","109,200","1,000"
986,987,cute.shivani.05,Music,"11,700,000",IN,"2,100,000",0,959
987,988,NFL,Sport,"11,700,000",US,"21,400",692,42
988,989,MykeTowers,Music_of_Latin_America,"11,700,000",US,"11,000",629,18
989,990,cut,Film,"11,700,000",US,"359,000","8,800",342
990,991,JoeHattab,Society,"11,700,000",AE,"1,900,000","98,500","2,900"
991,992,BeAmazed,Lifestyle_(sociology),"11,700,000",US,"477,800","9,900",556
992,993,5MinuteCraftsLIKE,Lifestyle_(sociology),"11,700,000",US,"2,700",28,1
993,994,RedChilliesEntertainment,Film,"11,700,000",IN,"848,300","66,700",842
994,995,VYRLOriginals,Music,"11,700,000",IN,"48,800",949,101
995,996,hamzymukbang,Food,"11,700,000",KR,"397,400","14,000",124
996,997,Adaahqueen,Film,"11,700,000",IN,"1,100,000","92,500",164
997,998,LittleAngelIndonesia,Entertainment,"11,700,000",ID,"211,400",745,0
998,999,PenMultiplex,Film,"11,700,000",IN,"14,000",81,1
999,1000,OneindiaHindi,Society,"11,700,000",IN,"2,200",31,1
